{"Val RMSE": 2.9084277498589506, "Test RMSE": 1.8857853838206584, "Test MAE": 1.4087135884195794, "Test R2": 0.9926971905698392}